"filename", "language", "XML", "JSON", "C#", "JavaScript", "PostCSS", "HTML", "Properties", "comment", "blank", "total"
"c:\Users\terez\Desktop\CODE\Neaproject 15.12\Neaproject 14.12\Neaproject 9.12\Neaproject 9.12\Neaproject\Neaproject\Controllers\BookingController.cs", "C#", 0, 0, 191, 0, 0, 0, 0, 20, 34, 245
"c:\Users\terez\Desktop\CODE\Neaproject 15.12\Neaproject 14.12\Neaproject 9.12\Neaproject 9.12\Neaproject\Neaproject\Controllers\BusinessDocumentsController.cs", "C#", 0, 0, 111, 0, 0, 0, 0, 13, 25, 149
"c:\Users\terez\Desktop\CODE\Neaproject 15.12\Neaproject 14.12\Neaproject 9.12\Neaproject 9.12\Neaproject\Neaproject\Controllers\BusinessJobController.cs", "C#", 0, 0, 29, 0, 0, 0, 0, 2, 5, 36
"c:\Users\terez\Desktop\CODE\Neaproject 15.12\Neaproject 14.12\Neaproject 9.12\Neaproject 9.12\Neaproject\Neaproject\Controllers\ClientAccountController.cs", "C#", 0, 0, 53, 0, 0, 0, 0, 0, 9, 62
"c:\Users\terez\Desktop\CODE\Neaproject 15.12\Neaproject 14.12\Neaproject 9.12\Neaproject 9.12\Neaproject\Neaproject\Controllers\ClientBookingController.cs", "C#", 0, 0, 107, 0, 0, 0, 0, 4, 31, 142
"c:\Users\terez\Desktop\CODE\Neaproject 15.12\Neaproject 14.12\Neaproject 9.12\Neaproject 9.12\Neaproject\Neaproject\Controllers\ClientController.cs", "C#", 0, 0, 82, 0, 0, 0, 0, 1, 14, 97
"c:\Users\terez\Desktop\CODE\Neaproject 15.12\Neaproject 14.12\Neaproject 9.12\Neaproject 9.12\Neaproject\Neaproject\DataObjects\BookingStep1Request.cs", "C#", 0, 0, 13, 0, 0, 0, 0, 0, 0, 13
"c:\Users\terez\Desktop\CODE\Neaproject 15.12\Neaproject 14.12\Neaproject 9.12\Neaproject 9.12\Neaproject\Neaproject\DataObjects\BookingStep2Request.cs", "C#", 0, 0, 16, 0, 0, 0, 0, 0, 5, 21
"c:\Users\terez\Desktop\CODE\Neaproject 15.12\Neaproject 14.12\Neaproject 9.12\Neaproject 9.12\Neaproject\Neaproject\DataObjects\ClientBooking.cs", "C#", 0, 0, 39, 0, 0, 0, 0, 0, 5, 44
"c:\Users\terez\Desktop\CODE\Neaproject 15.12\Neaproject 14.12\Neaproject 9.12\Neaproject 9.12\Neaproject\Neaproject\DataObjects\ClientCreateRequest.cs", "C#", 0, 0, 13, 0, 0, 0, 0, 0, 1, 14
"c:\Users\terez\Desktop\CODE\Neaproject 15.12\Neaproject 14.12\Neaproject 9.12\Neaproject 9.12\Neaproject\Neaproject\DataObjects\ClientUpdate.cs", "C#", 0, 0, 11, 0, 0, 0, 0, 0, 1, 12
"c:\Users\terez\Desktop\CODE\Neaproject 15.12\Neaproject 14.12\Neaproject 9.12\Neaproject 9.12\Neaproject\Neaproject\DataObjects\InvoiceCreateRequest.cs", "C#", 0, 0, 15, 0, 0, 0, 0, 2, 4, 21
"c:\Users\terez\Desktop\CODE\Neaproject 15.12\Neaproject 14.12\Neaproject 9.12\Neaproject 9.12\Neaproject\Neaproject\DataObjects\LoginRequest.cs", "C#", 0, 0, 8, 0, 0, 0, 0, 0, 1, 9
"c:\Users\terez\Desktop\CODE\Neaproject 15.12\Neaproject 14.12\Neaproject 9.12\Neaproject 9.12\Neaproject\Neaproject\DataObjects\QuoteCreateRequest.cs", "C#", 0, 0, 11, 0, 0, 0, 0, 0, 1, 12
"c:\Users\terez\Desktop\CODE\Neaproject 15.12\Neaproject 14.12\Neaproject 9.12\Neaproject 9.12\Neaproject\Neaproject\Data\BookingDataAccess.cs", "C#", 0, 0, 136, 0, 0, 0, 0, 9, 23, 168
"c:\Users\terez\Desktop\CODE\Neaproject 15.12\Neaproject 14.12\Neaproject 9.12\Neaproject 9.12\Neaproject\Neaproject\Data\ClientDataAccess.cs", "C#", 0, 0, 107, 0, 0, 0, 0, 0, 18, 125
"c:\Users\terez\Desktop\CODE\Neaproject 15.12\Neaproject 14.12\Neaproject 9.12\Neaproject 9.12\Neaproject\Neaproject\Data\InvoiceDataAccess.cs", "C#", 0, 0, 93, 0, 0, 0, 0, 15, 13, 121
"c:\Users\terez\Desktop\CODE\Neaproject 15.12\Neaproject 14.12\Neaproject 9.12\Neaproject 9.12\Neaproject\Neaproject\Data\QuoteDataAccess.cs", "C#", 0, 0, 116, 0, 0, 0, 0, 18, 15, 149
"c:\Users\terez\Desktop\CODE\Neaproject 15.12\Neaproject 14.12\Neaproject 9.12\Neaproject 9.12\Neaproject\Neaproject\Data\ServicesDataAccess.cs", "C#", 0, 0, 62, 0, 0, 0, 0, 15, 15, 92
"c:\Users\terez\Desktop\CODE\Neaproject 15.12\Neaproject 14.12\Neaproject 9.12\Neaproject 9.12\Neaproject\Neaproject\Data\SqliteDataAccess.cs", "C#", 0, 0, 12, 0, 0, 0, 0, 0, 2, 14
"c:\Users\terez\Desktop\CODE\Neaproject 15.12\Neaproject 14.12\Neaproject 9.12\Neaproject 9.12\Neaproject\Neaproject\Methods\ClientIdGenerator.cs", "C#", 0, 0, 17, 0, 0, 0, 0, 0, 2, 19
"c:\Users\terez\Desktop\CODE\Neaproject 15.12\Neaproject 14.12\Neaproject 9.12\Neaproject 9.12\Neaproject\Neaproject\Methods\FindAvailableSlots.cs", "C#", 0, 0, 81, 0, 0, 0, 0, 8, 19, 108
"c:\Users\terez\Desktop\CODE\Neaproject 15.12\Neaproject 14.12\Neaproject 9.12\Neaproject 9.12\Neaproject\Neaproject\Methods\LocationFinder.cs", "C#", 0, 0, 148, 0, 0, 0, 0, 0, 6, 154
"c:\Users\terez\Desktop\CODE\Neaproject 15.12\Neaproject 14.12\Neaproject 9.12\Neaproject 9.12\Neaproject\Neaproject\Methods\PasswordHasher.cs", "C#", 0, 0, 28, 0, 0, 0, 0, 0, 3, 31
"c:\Users\terez\Desktop\CODE\Neaproject 15.12\Neaproject 14.12\Neaproject 9.12\Neaproject 9.12\Neaproject\Neaproject\Models\Client.cs", "C#", 0, 0, 15, 0, 0, 0, 0, 0, 1, 16
"c:\Users\terez\Desktop\CODE\Neaproject 15.12\Neaproject 14.12\Neaproject 9.12\Neaproject 9.12\Neaproject\Neaproject\Models\Job.cs", "C#", 0, 0, 13, 0, 0, 0, 0, 0, 1, 14
"c:\Users\terez\Desktop\CODE\Neaproject 15.12\Neaproject 14.12\Neaproject 9.12\Neaproject 9.12\Neaproject\Neaproject\Models\User.cs", "C#", 0, 0, 17, 0, 0, 0, 0, 0, 2, 19
"c:\Users\terez\Desktop\CODE\Neaproject 15.12\Neaproject 14.12\Neaproject 9.12\Neaproject 9.12\Neaproject\Neaproject\Neaproject.csproj", "XML", 16, 0, 0, 0, 0, 0, 0, 0, 5, 21
"c:\Users\terez\Desktop\CODE\Neaproject 15.12\Neaproject 14.12\Neaproject 9.12\Neaproject 9.12\Neaproject\Neaproject\Program.cs", "C#", 0, 0, 13, 0, 0, 0, 0, 0, 6, 19
"c:\Users\terez\Desktop\CODE\Neaproject 15.12\Neaproject 14.12\Neaproject 9.12\Neaproject 9.12\Neaproject\Neaproject\Properties\launchSettings.json", "JSON", 0, 38, 0, 0, 0, 0, 0, 0, 1, 39
"c:\Users\terez\Desktop\CODE\Neaproject 15.12\Neaproject 14.12\Neaproject 9.12\Neaproject 9.12\Neaproject\Neaproject\appsettings.Development.json", "JSON", 0, 8, 0, 0, 0, 0, 0, 0, 1, 9
"c:\Users\terez\Desktop\CODE\Neaproject 15.12\Neaproject 14.12\Neaproject 9.12\Neaproject 9.12\Neaproject\Neaproject\appsettings.json", "JSON", 0, 9, 0, 0, 0, 0, 0, 0, 1, 10
"c:\Users\terez\Desktop\CODE\Neaproject 15.12\Neaproject 14.12\Neaproject 9.12\Neaproject 9.12\Neaproject\Neaproject\bin\Debug\net8.0\Neaproject.deps.json", "JSON", 0, 91, 0, 0, 0, 0, 0, 0, 0, 91
"c:\Users\terez\Desktop\CODE\Neaproject 15.12\Neaproject 14.12\Neaproject 9.12\Neaproject 9.12\Neaproject\Neaproject\bin\Debug\net8.0\Neaproject.runtimeconfig.json", "JSON", 0, 19, 0, 0, 0, 0, 0, 0, 0, 19
"c:\Users\terez\Desktop\CODE\Neaproject 15.12\Neaproject 14.12\Neaproject 9.12\Neaproject 9.12\Neaproject\Neaproject\bin\Debug\net8.0\Neaproject.staticwebassets.endpoints.json", "JSON", 0, 1, 0, 0, 0, 0, 0, 0, 0, 1
"c:\Users\terez\Desktop\CODE\Neaproject 15.12\Neaproject 14.12\Neaproject 9.12\Neaproject 9.12\Neaproject\Neaproject\bin\Debug\net8.0\Neaproject.staticwebassets.runtime.json", "JSON", 0, 1, 0, 0, 0, 0, 0, 0, 0, 1
"c:\Users\terez\Desktop\CODE\Neaproject 15.12\Neaproject 14.12\Neaproject 9.12\Neaproject 9.12\Neaproject\Neaproject\bin\Debug\net8.0\appsettings.Development.json", "JSON", 0, 8, 0, 0, 0, 0, 0, 0, 1, 9
"c:\Users\terez\Desktop\CODE\Neaproject 15.12\Neaproject 14.12\Neaproject 9.12\Neaproject 9.12\Neaproject\Neaproject\bin\Debug\net8.0\appsettings.json", "JSON", 0, 9, 0, 0, 0, 0, 0, 0, 1, 10
"c:\Users\terez\Desktop\CODE\Neaproject 15.12\Neaproject 14.12\Neaproject 9.12\Neaproject 9.12\Neaproject\Neaproject\obj\Debug\net8.0\.NETCoreApp,Version=v8.0.AssemblyAttributes.cs", "C#", 0, 0, 3, 0, 0, 0, 0, 1, 1, 5
"c:\Users\terez\Desktop\CODE\Neaproject 15.12\Neaproject 14.12\Neaproject 9.12\Neaproject 9.12\Neaproject\Neaproject\obj\Debug\net8.0\ApiEndpoints.json", "JSON", 0, 405, 0, 0, 0, 0, 0, 0, 0, 405
"c:\Users\terez\Desktop\CODE\Neaproject 15.12\Neaproject 14.12\Neaproject 9.12\Neaproject 9.12\Neaproject\Neaproject\obj\Debug\net8.0\Neaproject.AssemblyInfo.cs", "C#", 0, 0, 9, 0, 0, 0, 0, 10, 5, 24
"c:\Users\terez\Desktop\CODE\Neaproject 15.12\Neaproject 14.12\Neaproject 9.12\Neaproject 9.12\Neaproject\Neaproject\obj\Debug\net8.0\Neaproject.GeneratedMSBuildEditorConfig.editorconfig", "Properties", 0, 0, 0, 0, 0, 0, 21, 0, 1, 22
"c:\Users\terez\Desktop\CODE\Neaproject 15.12\Neaproject 14.12\Neaproject 9.12\Neaproject 9.12\Neaproject\Neaproject\obj\Debug\net8.0\Neaproject.GlobalUsings.g.cs", "C#", 0, 0, 16, 0, 0, 0, 0, 1, 1, 18
"c:\Users\terez\Desktop\CODE\Neaproject 15.12\Neaproject 14.12\Neaproject 9.12\Neaproject 9.12\Neaproject\Neaproject\obj\Debug\net8.0\Neaproject.sourcelink.json", "JSON", 0, 1, 0, 0, 0, 0, 0, 0, 0, 1
"c:\Users\terez\Desktop\CODE\Neaproject 15.12\Neaproject 14.12\Neaproject 9.12\Neaproject 9.12\Neaproject\Neaproject\obj\Debug\net8.0\rjimswa.dswa.cache.json", "JSON", 0, 1, 0, 0, 0, 0, 0, 0, 0, 1
"c:\Users\terez\Desktop\CODE\Neaproject 15.12\Neaproject 14.12\Neaproject 9.12\Neaproject 9.12\Neaproject\Neaproject\obj\Debug\net8.0\rjsmcshtml.dswa.cache.json", "JSON", 0, 1, 0, 0, 0, 0, 0, 0, 0, 1
"c:\Users\terez\Desktop\CODE\Neaproject 15.12\Neaproject 14.12\Neaproject 9.12\Neaproject 9.12\Neaproject\Neaproject\obj\Debug\net8.0\rjsmrazor.dswa.cache.json", "JSON", 0, 1, 0, 0, 0, 0, 0, 0, 0, 1
"c:\Users\terez\Desktop\CODE\Neaproject 15.12\Neaproject 14.12\Neaproject 9.12\Neaproject 9.12\Neaproject\Neaproject\obj\Debug\net8.0\rpswa.dswa.cache.json", "JSON", 0, 1, 0, 0, 0, 0, 0, 0, 0, 1
"c:\Users\terez\Desktop\CODE\Neaproject 15.12\Neaproject 14.12\Neaproject 9.12\Neaproject 9.12\Neaproject\Neaproject\obj\Debug\net8.0\staticwebassets.build.endpoints.json", "JSON", 0, 1, 0, 0, 0, 0, 0, 0, 0, 1
"c:\Users\terez\Desktop\CODE\Neaproject 15.12\Neaproject 14.12\Neaproject 9.12\Neaproject 9.12\Neaproject\Neaproject\obj\Debug\net8.0\staticwebassets.build.json", "JSON", 0, 1, 0, 0, 0, 0, 0, 0, 0, 1
"c:\Users\terez\Desktop\CODE\Neaproject 15.12\Neaproject 14.12\Neaproject 9.12\Neaproject 9.12\Neaproject\Neaproject\obj\Debug\net8.0\staticwebassets.development.json", "JSON", 0, 1, 0, 0, 0, 0, 0, 0, 0, 1
"c:\Users\terez\Desktop\CODE\Neaproject 15.12\Neaproject 14.12\Neaproject 9.12\Neaproject 9.12\Neaproject\Neaproject\obj\Neaproject.csproj.nuget.dgspec.json", "JSON", 0, 87, 0, 0, 0, 0, 0, 0, 0, 87
"c:\Users\terez\Desktop\CODE\Neaproject 15.12\Neaproject 14.12\Neaproject 9.12\Neaproject 9.12\Neaproject\Neaproject\obj\Neaproject.csproj.nuget.g.props", "XML", 16, 0, 0, 0, 0, 0, 0, 0, 0, 16
"c:\Users\terez\Desktop\CODE\Neaproject 15.12\Neaproject 14.12\Neaproject 9.12\Neaproject 9.12\Neaproject\Neaproject\obj\Neaproject.csproj.nuget.g.targets", "XML", 2, 0, 0, 0, 0, 0, 0, 0, 0, 2
"c:\Users\terez\Desktop\CODE\Neaproject 15.12\Neaproject 14.12\Neaproject 9.12\Neaproject 9.12\Neaproject\Neaproject\obj\project.assets.json", "JSON", 0, 199, 0, 0, 0, 0, 0, 0, 0, 199
"c:\Users\terez\Desktop\CODE\Neaproject 15.12\Neaproject 14.12\Neaproject 9.12\Neaproject 9.12\Neaproject\Neaproject\wwwroot\css\booking.html", "HTML", 0, 0, 0, 0, 0, 117, 0, 3, 11, 131
"c:\Users\terez\Desktop\CODE\Neaproject 15.12\Neaproject 14.12\Neaproject 9.12\Neaproject 9.12\Neaproject\Neaproject\wwwroot\css\business-documents.html", "HTML", 0, 0, 0, 0, 0, 76, 0, 2, 6, 84
"c:\Users\terez\Desktop\CODE\Neaproject 15.12\Neaproject 14.12\Neaproject 9.12\Neaproject 9.12\Neaproject\Neaproject\wwwroot\css\business-home.html", "HTML", 0, 0, 0, 0, 0, 82, 0, 3, 4, 89
"c:\Users\terez\Desktop\CODE\Neaproject 15.12\Neaproject 14.12\Neaproject 9.12\Neaproject 9.12\Neaproject\Neaproject\wwwroot\css\business-invoice.html", "HTML", 0, 0, 0, 0, 0, 67, 0, 6, 15, 88
"c:\Users\terez\Desktop\CODE\Neaproject 15.12\Neaproject 14.12\Neaproject 9.12\Neaproject 9.12\Neaproject\Neaproject\wwwroot\css\business-quote.html", "HTML", 0, 0, 0, 0, 0, 76, 0, 5, 15, 96
"c:\Users\terez\Desktop\CODE\Neaproject 15.12\Neaproject 14.12\Neaproject 9.12\Neaproject 9.12\Neaproject\Neaproject\wwwroot\css\business-styles.css", "PostCSS", 0, 0, 0, 0, 230, 0, 0, 2, 54, 286
"c:\Users\terez\Desktop\CODE\Neaproject 15.12\Neaproject 14.12\Neaproject 9.12\Neaproject 9.12\Neaproject\Neaproject\wwwroot\css\client-account.html", "HTML", 0, 0, 0, 0, 0, 106, 0, 0, 13, 119
"c:\Users\terez\Desktop\CODE\Neaproject 15.12\Neaproject 14.12\Neaproject 9.12\Neaproject 9.12\Neaproject\Neaproject\wwwroot\css\client-booking.html", "HTML", 0, 0, 0, 0, 0, 109, 0, 2, 8, 119
"c:\Users\terez\Desktop\CODE\Neaproject 15.12\Neaproject 14.12\Neaproject 9.12\Neaproject 9.12\Neaproject\Neaproject\wwwroot\css\client-documents.html", "HTML", 0, 0, 0, 0, 0, 86, 0, 6, 18, 110
"c:\Users\terez\Desktop\CODE\Neaproject 15.12\Neaproject 14.12\Neaproject 9.12\Neaproject 9.12\Neaproject\Neaproject\wwwroot\css\client-home.html", "HTML", 0, 0, 0, 0, 0, 83, 0, 1, 14, 98
"c:\Users\terez\Desktop\CODE\Neaproject 15.12\Neaproject 14.12\Neaproject 9.12\Neaproject 9.12\Neaproject\Neaproject\wwwroot\css\client-styles.css", "PostCSS", 0, 0, 0, 0, 203, 0, 0, 2, 44, 249
"c:\Users\terez\Desktop\CODE\Neaproject 15.12\Neaproject 14.12\Neaproject 9.12\Neaproject 9.12\Neaproject\Neaproject\wwwroot\css\contact.html", "HTML", 0, 0, 0, 0, 0, 66, 0, 1, 10, 77
"c:\Users\terez\Desktop\CODE\Neaproject 15.12\Neaproject 14.12\Neaproject 9.12\Neaproject 9.12\Neaproject\Neaproject\wwwroot\css\create-account.html", "HTML", 0, 0, 0, 0, 0, 65, 0, 1, 9, 75
"c:\Users\terez\Desktop\CODE\Neaproject 15.12\Neaproject 14.12\Neaproject 9.12\Neaproject 9.12\Neaproject\Neaproject\wwwroot\css\faqs.html", "HTML", 0, 0, 0, 0, 0, 65, 0, 0, 7, 72
"c:\Users\terez\Desktop\CODE\Neaproject 15.12\Neaproject 14.12\Neaproject 9.12\Neaproject 9.12\Neaproject\Neaproject\wwwroot\css\index.html", "HTML", 0, 0, 0, 0, 0, 100, 0, 4, 6, 110
"c:\Users\terez\Desktop\CODE\Neaproject 15.12\Neaproject 14.12\Neaproject 9.12\Neaproject 9.12\Neaproject\Neaproject\wwwroot\css\login.html", "HTML", 0, 0, 0, 0, 0, 38, 0, 1, 7, 46
"c:\Users\terez\Desktop\CODE\Neaproject 15.12\Neaproject 14.12\Neaproject 9.12\Neaproject 9.12\Neaproject\Neaproject\wwwroot\css\services.html", "HTML", 0, 0, 0, 0, 0, 71, 0, 6, 3, 80
"c:\Users\terez\Desktop\CODE\Neaproject 15.12\Neaproject 14.12\Neaproject 9.12\Neaproject 9.12\Neaproject\Neaproject\wwwroot\css\stylelogins.css", "PostCSS", 0, 0, 0, 0, 180, 0, 0, 1, 32, 213
"c:\Users\terez\Desktop\CODE\Neaproject 15.12\Neaproject 14.12\Neaproject 9.12\Neaproject 9.12\Neaproject\Neaproject\wwwroot\css\styles.css", "PostCSS", 0, 0, 0, 0, 298, 0, 0, 7, 65, 370
"c:\Users\terez\Desktop\CODE\Neaproject 15.12\Neaproject 14.12\Neaproject 9.12\Neaproject 9.12\Neaproject\Neaproject\wwwroot\js\booking.js", "JavaScript", 0, 0, 0, 158, 0, 0, 0, 22, 45, 225
"c:\Users\terez\Desktop\CODE\Neaproject 15.12\Neaproject 14.12\Neaproject 9.12\Neaproject 9.12\Neaproject\Neaproject\wwwroot\js\business-documents.js", "JavaScript", 0, 0, 0, 166, 0, 0, 0, 8, 45, 219
"c:\Users\terez\Desktop\CODE\Neaproject 15.12\Neaproject 14.12\Neaproject 9.12\Neaproject 9.12\Neaproject\Neaproject\wwwroot\js\business-home.js", "JavaScript", 0, 0, 0, 232, 0, 0, 0, 28, 55, 315
"c:\Users\terez\Desktop\CODE\Neaproject 15.12\Neaproject 14.12\Neaproject 9.12\Neaproject 9.12\Neaproject\Neaproject\wwwroot\js\business-invoice.js", "JavaScript", 0, 0, 0, 95, 0, 0, 0, 9, 25, 129
"c:\Users\terez\Desktop\CODE\Neaproject 15.12\Neaproject 14.12\Neaproject 9.12\Neaproject 9.12\Neaproject\Neaproject\wwwroot\js\business-jobs.js", "JavaScript", 0, 0, 0, 79, 0, 0, 0, 1, 16, 96
"c:\Users\terez\Desktop\CODE\Neaproject 15.12\Neaproject 14.12\Neaproject 9.12\Neaproject 9.12\Neaproject\Neaproject\wwwroot\js\business-quote.js", "JavaScript", 0, 0, 0, 67, 0, 0, 0, 14, 18, 99
"c:\Users\terez\Desktop\CODE\Neaproject 15.12\Neaproject 14.12\Neaproject 9.12\Neaproject 9.12\Neaproject\Neaproject\wwwroot\js\client-account.js", "JavaScript", 0, 0, 0, 50, 0, 0, 0, 3, 10, 63
"c:\Users\terez\Desktop\CODE\Neaproject 15.12\Neaproject 14.12\Neaproject 9.12\Neaproject 9.12\Neaproject\Neaproject\wwwroot\js\client-documents.js", "JavaScript", 0, 0, 0, 209, 0, 0, 0, 13, 55, 277
"c:\Users\terez\Desktop\CODE\Neaproject 15.12\Neaproject 14.12\Neaproject 9.12\Neaproject 9.12\Neaproject\Neaproject\wwwroot\js\client-home.js", "JavaScript", 0, 0, 0, 115, 0, 0, 0, 8, 29, 152
"c:\Users\terez\Desktop\CODE\Neaproject 15.12\Neaproject 14.12\Neaproject 9.12\Neaproject 9.12\Neaproject\Neaproject\wwwroot\js\create-account.js", "JavaScript", 0, 0, 0, 51, 0, 0, 0, 5, 14, 70
"c:\Users\terez\Desktop\CODE\Neaproject 15.12\Neaproject 14.12\Neaproject 9.12\Neaproject 9.12\Neaproject\Neaproject\wwwroot\js\login.js", "JavaScript", 0, 0, 0, 48, 0, 0, 0, 2, 13, 63
"c:\Users\terez\Desktop\CODE\Neaproject 15.12\Neaproject 14.12\Neaproject 9.12\Neaproject 9.12\Neaproject\Neaproject\wwwroot\js\logout.js", "JavaScript", 0, 0, 0, 16, 0, 0, 0, 1, 4, 21
"c:\Users\terez\Desktop\CODE\Neaproject 15.12\Neaproject 14.12\Neaproject 9.12\Neaproject 9.12\Neaproject\Neaproject\wwwroot\js\scripts.js", "JavaScript", 0, 0, 0, 24, 0, 0, 0, 1, 7, 32
"Total", "-", 34, 883, 1585, 1310, 911, 1207, 21, 287, 957, 7195