{"file:///c%3A/Users/terez/Desktop/CODE/Neaproject%2015.12/Neaproject%2014.12/Neaproject%209.12/Neaproject%209.12/Neaproject/Neaproject/Neaproject.csproj":{"language":"XML","code":16,"comment":0,"blank":5},"file:///c%3A/Users/terez/Desktop/CODE/Neaproject%2015.12/Neaproject%2014.12/Neaproject%209.12/Neaproject%209.12/Neaproject/Neaproject/Properties/launchSettings.json":{"language":"JSON","code":38,"comment":0,"blank":1},"file:///c%3A/Users/terez/Desktop/CODE/Neaproject%2015.12/Neaproject%2014.12/Neaproject%209.12/Neaproject%209.12/Neaproject/Neaproject/Program.cs":{"language":"C#","code":13,"comment":0,"blank":6},"file:///c%3A/Users/terez/Desktop/CODE/Neaproject%2015.12/Neaproject%2014.12/Neaproject%209.12/Neaproject%209.12/Neaproject/Neaproject/Models/Client.cs":{"language":"C#","code":15,"comment":0,"blank":1},"file:///c%3A/Users/terez/Desktop/CODE/Neaproject%2015.12/Neaproject%2014.12/Neaproject%209.12/Neaproject%209.12/Neaproject/Neaproject/obj/Neaproject.csproj.nuget.g.targets":{"language":"XML","code":2,"comment":0,"blank":0},"file:///c%3A/Users/terez/Desktop/CODE/Neaproject%2015.12/Neaproject%2014.12/Neaproject%209.12/Neaproject%209.12/Neaproject/Neaproject/Methods/ClientIdGenerator.cs":{"language":"C#","code":17,"comment":0,"blank":2},"file:///c%3A/Users/terez/Desktop/CODE/Neaproject%2015.12/Neaproject%2014.12/Neaproject%209.12/Neaproject%209.12/Neaproject/Neaproject/Controllers/ClientController.cs":{"language":"C#","code":82,"comment":1,"blank":14},"file:///c%3A/Users/terez/Desktop/CODE/Neaproject%2015.12/Neaproject%2014.12/Neaproject%209.12/Neaproject%209.12/Neaproject/Neaproject/obj/Neaproject.csproj.nuget.g.props":{"language":"XML","code":16,"comment":0,"blank":0},"file:///c%3A/Users/terez/Desktop/CODE/Neaproject%2015.12/Neaproject%2014.12/Neaproject%209.12/Neaproject%209.12/Neaproject/Neaproject/Controllers/BusinessJobController.cs":{"language":"C#","code":29,"comment":2,"blank":5},"file:///c%3A/Users/terez/Desktop/CODE/Neaproject%2015.12/Neaproject%2014.12/Neaproject%209.12/Neaproject%209.12/Neaproject/Neaproject/Controllers/ClientAccountController.cs":{"language":"C#","code":53,"comment":0,"blank":9},"file:///c%3A/Users/terez/Desktop/CODE/Neaproject%2015.12/Neaproject%2014.12/Neaproject%209.12/Neaproject%209.12/Neaproject/Neaproject/Controllers/ClientBookingController.cs":{"language":"C#","code":107,"comment":4,"blank":31},"file:///c%3A/Users/terez/Desktop/CODE/Neaproject%2015.12/Neaproject%2014.12/Neaproject%209.12/Neaproject%209.12/Neaproject/Neaproject/obj/Neaproject.csproj.nuget.dgspec.json":{"language":"JSON","code":87,"comment":0,"blank":0},"file:///c%3A/Users/terez/Desktop/CODE/Neaproject%2015.12/Neaproject%2014.12/Neaproject%209.12/Neaproject%209.12/Neaproject/Neaproject/Models/Job.cs":{"language":"C#","code":13,"comment":0,"blank":1},"file:///c%3A/Users/terez/Desktop/CODE/Neaproject%2015.12/Neaproject%2014.12/Neaproject%209.12/Neaproject%209.12/Neaproject/Neaproject/Controllers/BusinessDocumentsController.cs":{"language":"C#","code":111,"comment":13,"blank":25},"file:///c%3A/Users/terez/Desktop/CODE/Neaproject%2015.12/Neaproject%2014.12/Neaproject%209.12/Neaproject%209.12/Neaproject/Neaproject/Controllers/BookingController.cs":{"language":"C#","code":191,"comment":20,"blank":34},"file:///c%3A/Users/terez/Desktop/CODE/Neaproject%2015.12/Neaproject%2014.12/Neaproject%209.12/Neaproject%209.12/Neaproject/Neaproject/Models/User.cs":{"language":"C#","code":17,"comment":0,"blank":2},"file:///c%3A/Users/terez/Desktop/CODE/Neaproject%2015.12/Neaproject%2014.12/Neaproject%209.12/Neaproject%209.12/Neaproject/Neaproject/Methods/PasswordHasher.cs":{"language":"C#","code":28,"comment":0,"blank":3},"file:///c%3A/Users/terez/Desktop/CODE/Neaproject%2015.12/Neaproject%2014.12/Neaproject%209.12/Neaproject%209.12/Neaproject/Neaproject/appsettings.json":{"language":"JSON","code":9,"comment":0,"blank":1},"file:///c%3A/Users/terez/Desktop/CODE/Neaproject%2015.12/Neaproject%2014.12/Neaproject%209.12/Neaproject%209.12/Neaproject/Neaproject/appsettings.Development.json":{"language":"JSON","code":8,"comment":0,"blank":1},"file:///c%3A/Users/terez/Desktop/CODE/Neaproject%2015.12/Neaproject%2014.12/Neaproject%209.12/Neaproject%209.12/Neaproject/Neaproject/Methods/LocationFinder.cs":{"language":"C#","code":148,"comment":0,"blank":6},"file:///c%3A/Users/terez/Desktop/CODE/Neaproject%2015.12/Neaproject%2014.12/Neaproject%209.12/Neaproject%209.12/Neaproject/Neaproject/obj/project.assets.json":{"language":"JSON","code":199,"comment":0,"blank":0},"file:///c%3A/Users/terez/Desktop/CODE/Neaproject%2015.12/Neaproject%2014.12/Neaproject%209.12/Neaproject%209.12/Neaproject/Neaproject/Methods/FindAvailableSlots.cs":{"language":"C#","code":81,"comment":8,"blank":19},"file:///c%3A/Users/terez/Desktop/CODE/Neaproject%2015.12/Neaproject%2014.12/Neaproject%209.12/Neaproject%209.12/Neaproject/Neaproject/wwwroot/js/business-home.js":{"language":"JavaScript","code":232,"comment":28,"blank":55},"file:///c%3A/Users/terez/Desktop/CODE/Neaproject%2015.12/Neaproject%2014.12/Neaproject%209.12/Neaproject%209.12/Neaproject/Neaproject/wwwroot/js/scripts.js":{"language":"JavaScript","code":24,"comment":1,"blank":7},"file:///c%3A/Users/terez/Desktop/CODE/Neaproject%2015.12/Neaproject%2014.12/Neaproject%209.12/Neaproject%209.12/Neaproject/Neaproject/wwwroot/js/create-account.js":{"language":"JavaScript","code":51,"comment":5,"blank":14},"file:///c%3A/Users/terez/Desktop/CODE/Neaproject%2015.12/Neaproject%2014.12/Neaproject%209.12/Neaproject%209.12/Neaproject/Neaproject/wwwroot/js/login.js":{"language":"JavaScript","code":48,"comment":2,"blank":13},"file:///c%3A/Users/terez/Desktop/CODE/Neaproject%2015.12/Neaproject%2014.12/Neaproject%209.12/Neaproject%209.12/Neaproject/Neaproject/wwwroot/js/client-account.js":{"language":"JavaScript","code":50,"comment":3,"blank":10},"file:///c%3A/Users/terez/Desktop/CODE/Neaproject%2015.12/Neaproject%2014.12/Neaproject%209.12/Neaproject%209.12/Neaproject/Neaproject/wwwroot/js/booking.js":{"language":"JavaScript","code":158,"comment":22,"blank":45},"file:///c%3A/Users/terez/Desktop/CODE/Neaproject%2015.12/Neaproject%2014.12/Neaproject%209.12/Neaproject%209.12/Neaproject/Neaproject/wwwroot/js/client-home.js":{"language":"JavaScript","code":115,"comment":8,"blank":29},"file:///c%3A/Users/terez/Desktop/CODE/Neaproject%2015.12/Neaproject%2014.12/Neaproject%209.12/Neaproject%209.12/Neaproject/Neaproject/wwwroot/js/logout.js":{"language":"JavaScript","code":16,"comment":1,"blank":4},"file:///c%3A/Users/terez/Desktop/CODE/Neaproject%2015.12/Neaproject%2014.12/Neaproject%209.12/Neaproject%209.12/Neaproject/Neaproject/wwwroot/js/client-documents.js":{"language":"JavaScript","code":209,"comment":13,"blank":55},"file:///c%3A/Users/terez/Desktop/CODE/Neaproject%2015.12/Neaproject%2014.12/Neaproject%209.12/Neaproject%209.12/Neaproject/Neaproject/wwwroot/js/business-quote.js":{"language":"JavaScript","code":67,"comment":14,"blank":18},"file:///c%3A/Users/terez/Desktop/CODE/Neaproject%2015.12/Neaproject%2014.12/Neaproject%209.12/Neaproject%209.12/Neaproject/Neaproject/wwwroot/js/business-invoice.js":{"language":"JavaScript","code":95,"comment":9,"blank":25},"file:///c%3A/Users/terez/Desktop/CODE/Neaproject%2015.12/Neaproject%2014.12/Neaproject%209.12/Neaproject%209.12/Neaproject/Neaproject/wwwroot/js/business-jobs.js":{"language":"JavaScript","code":79,"comment":1,"blank":16},"file:///c%3A/Users/terez/Desktop/CODE/Neaproject%2015.12/Neaproject%2014.12/Neaproject%209.12/Neaproject%209.12/Neaproject/Neaproject/wwwroot/css/business-styles.css":{"language":"PostCSS","code":230,"comment":2,"blank":54},"file:///c%3A/Users/terez/Desktop/CODE/Neaproject%2015.12/Neaproject%2014.12/Neaproject%209.12/Neaproject%209.12/Neaproject/Neaproject/wwwroot/js/business-documents.js":{"language":"JavaScript","code":166,"comment":8,"blank":45},"file:///c%3A/Users/terez/Desktop/CODE/Neaproject%2015.12/Neaproject%2014.12/Neaproject%209.12/Neaproject%209.12/Neaproject/Neaproject/wwwroot/css/client-account.html":{"language":"HTML","code":106,"comment":0,"blank":13},"file:///c%3A/Users/terez/Desktop/CODE/Neaproject%2015.12/Neaproject%2014.12/Neaproject%209.12/Neaproject%209.12/Neaproject/Neaproject/wwwroot/css/client-booking.html":{"language":"HTML","code":109,"comment":2,"blank":8},"file:///c%3A/Users/terez/Desktop/CODE/Neaproject%2015.12/Neaproject%2014.12/Neaproject%209.12/Neaproject%209.12/Neaproject/Neaproject/Data/ServicesDataAccess.cs":{"language":"C#","code":62,"comment":15,"blank":15},"file:///c%3A/Users/terez/Desktop/CODE/Neaproject%2015.12/Neaproject%2014.12/Neaproject%209.12/Neaproject%209.12/Neaproject/Neaproject/wwwroot/css/business-invoice.html":{"language":"HTML","code":67,"comment":6,"blank":15},"file:///c%3A/Users/terez/Desktop/CODE/Neaproject%2015.12/Neaproject%2014.12/Neaproject%209.12/Neaproject%209.12/Neaproject/Neaproject/wwwroot/css/client-documents.html":{"language":"HTML","code":86,"comment":6,"blank":18},"file:///c%3A/Users/terez/Desktop/CODE/Neaproject%2015.12/Neaproject%2014.12/Neaproject%209.12/Neaproject%209.12/Neaproject/Neaproject/Data/SqliteDataAccess.cs":{"language":"C#","code":12,"comment":0,"blank":2},"file:///c%3A/Users/terez/Desktop/CODE/Neaproject%2015.12/Neaproject%2014.12/Neaproject%209.12/Neaproject%209.12/Neaproject/Neaproject/wwwroot/css/business-quote.html":{"language":"HTML","code":76,"comment":5,"blank":15},"file:///c%3A/Users/terez/Desktop/CODE/Neaproject%2015.12/Neaproject%2014.12/Neaproject%209.12/Neaproject%209.12/Neaproject/Neaproject/obj/Debug/net8.0/.NETCoreApp%2CVersion%3Dv8.0.AssemblyAttributes.cs":{"language":"C#","code":3,"comment":1,"blank":1},"file:///c%3A/Users/terez/Desktop/CODE/Neaproject%2015.12/Neaproject%2014.12/Neaproject%209.12/Neaproject%209.12/Neaproject/Neaproject/DataObjects/QuoteCreateRequest.cs":{"language":"C#","code":11,"comment":0,"blank":1},"file:///c%3A/Users/terez/Desktop/CODE/Neaproject%2015.12/Neaproject%2014.12/Neaproject%209.12/Neaproject%209.12/Neaproject/Neaproject/Data/QuoteDataAccess.cs":{"language":"C#","code":116,"comment":18,"blank":15},"file:///c%3A/Users/terez/Desktop/CODE/Neaproject%2015.12/Neaproject%2014.12/Neaproject%209.12/Neaproject%209.12/Neaproject/Neaproject/Data/InvoiceDataAccess.cs":{"language":"C#","code":93,"comment":15,"blank":13},"file:///c%3A/Users/terez/Desktop/CODE/Neaproject%2015.12/Neaproject%2014.12/Neaproject%209.12/Neaproject%209.12/Neaproject/Neaproject/DataObjects/LoginRequest.cs":{"language":"C#","code":8,"comment":0,"blank":1},"file:///c%3A/Users/terez/Desktop/CODE/Neaproject%2015.12/Neaproject%2014.12/Neaproject%209.12/Neaproject%209.12/Neaproject/Neaproject/wwwroot/css/business-home.html":{"language":"HTML","code":82,"comment":3,"blank":4},"file:///c%3A/Users/terez/Desktop/CODE/Neaproject%2015.12/Neaproject%2014.12/Neaproject%209.12/Neaproject%209.12/Neaproject/Neaproject/DataObjects/InvoiceCreateRequest.cs":{"language":"C#","code":15,"comment":2,"blank":4},"file:///c%3A/Users/terez/Desktop/CODE/Neaproject%2015.12/Neaproject%2014.12/Neaproject%209.12/Neaproject%209.12/Neaproject/Neaproject/DataObjects/ClientUpdate.cs":{"language":"C#","code":11,"comment":0,"blank":1},"file:///c%3A/Users/terez/Desktop/CODE/Neaproject%2015.12/Neaproject%2014.12/Neaproject%209.12/Neaproject%209.12/Neaproject/Neaproject/Data/ClientDataAccess.cs":{"language":"C#","code":107,"comment":0,"blank":18},"file:///c%3A/Users/terez/Desktop/CODE/Neaproject%2015.12/Neaproject%2014.12/Neaproject%209.12/Neaproject%209.12/Neaproject/Neaproject/Data/BookingDataAccess.cs":{"language":"C#","code":136,"comment":9,"blank":23},"file:///c%3A/Users/terez/Desktop/CODE/Neaproject%2015.12/Neaproject%2014.12/Neaproject%209.12/Neaproject%209.12/Neaproject/Neaproject/wwwroot/css/business-documents.html":{"language":"HTML","code":76,"comment":2,"blank":6},"file:///c%3A/Users/terez/Desktop/CODE/Neaproject%2015.12/Neaproject%2014.12/Neaproject%209.12/Neaproject%209.12/Neaproject/Neaproject/wwwroot/css/booking.html":{"language":"HTML","code":117,"comment":3,"blank":11},"file:///c%3A/Users/terez/Desktop/CODE/Neaproject%2015.12/Neaproject%2014.12/Neaproject%209.12/Neaproject%209.12/Neaproject/Neaproject/obj/Debug/net8.0/ApiEndpoints.json":{"language":"JSON","code":405,"comment":0,"blank":0},"file:///c%3A/Users/terez/Desktop/CODE/Neaproject%2015.12/Neaproject%2014.12/Neaproject%209.12/Neaproject%209.12/Neaproject/Neaproject/wwwroot/css/client-styles.css":{"language":"PostCSS","code":203,"comment":2,"blank":44},"file:///c%3A/Users/terez/Desktop/CODE/Neaproject%2015.12/Neaproject%2014.12/Neaproject%209.12/Neaproject%209.12/Neaproject/Neaproject/DataObjects/ClientCreateRequest.cs":{"language":"C#","code":13,"comment":0,"blank":1},"file:///c%3A/Users/terez/Desktop/CODE/Neaproject%2015.12/Neaproject%2014.12/Neaproject%209.12/Neaproject%209.12/Neaproject/Neaproject/obj/Debug/net8.0/Neaproject.AssemblyInfo.cs":{"language":"C#","code":9,"comment":10,"blank":5},"file:///c%3A/Users/terez/Desktop/CODE/Neaproject%2015.12/Neaproject%2014.12/Neaproject%209.12/Neaproject%209.12/Neaproject/Neaproject/DataObjects/ClientBooking.cs":{"language":"C#","code":39,"comment":0,"blank":5},"file:///c%3A/Users/terez/Desktop/CODE/Neaproject%2015.12/Neaproject%2014.12/Neaproject%209.12/Neaproject%209.12/Neaproject/Neaproject/wwwroot/css/client-home.html":{"language":"HTML","code":83,"comment":1,"blank":14},"file:///c%3A/Users/terez/Desktop/CODE/Neaproject%2015.12/Neaproject%2014.12/Neaproject%209.12/Neaproject%209.12/Neaproject/Neaproject/wwwroot/css/index.html":{"language":"HTML","code":100,"comment":4,"blank":6},"file:///c%3A/Users/terez/Desktop/CODE/Neaproject%2015.12/Neaproject%2014.12/Neaproject%209.12/Neaproject%209.12/Neaproject/Neaproject/wwwroot/css/create-account.html":{"language":"HTML","code":65,"comment":1,"blank":9},"file:///c%3A/Users/terez/Desktop/CODE/Neaproject%2015.12/Neaproject%2014.12/Neaproject%209.12/Neaproject%209.12/Neaproject/Neaproject/DataObjects/BookingStep2Request.cs":{"language":"C#","code":16,"comment":0,"blank":5},"file:///c%3A/Users/terez/Desktop/CODE/Neaproject%2015.12/Neaproject%2014.12/Neaproject%209.12/Neaproject%209.12/Neaproject/Neaproject/DataObjects/BookingStep1Request.cs":{"language":"C#","code":13,"comment":0,"blank":0},"file:///c%3A/Users/terez/Desktop/CODE/Neaproject%2015.12/Neaproject%2014.12/Neaproject%209.12/Neaproject%209.12/Neaproject/Neaproject/obj/Debug/net8.0/staticwebassets.development.json":{"language":"JSON","code":1,"comment":0,"blank":0},"file:///c%3A/Users/terez/Desktop/CODE/Neaproject%2015.12/Neaproject%2014.12/Neaproject%209.12/Neaproject%209.12/Neaproject/Neaproject/bin/Debug/net8.0/Neaproject.staticwebassets.endpoints.json":{"language":"JSON","code":1,"comment":0,"blank":0},"file:///c%3A/Users/terez/Desktop/CODE/Neaproject%2015.12/Neaproject%2014.12/Neaproject%209.12/Neaproject%209.12/Neaproject/Neaproject/wwwroot/css/faqs.html":{"language":"HTML","code":65,"comment":0,"blank":7},"file:///c%3A/Users/terez/Desktop/CODE/Neaproject%2015.12/Neaproject%2014.12/Neaproject%209.12/Neaproject%209.12/Neaproject/Neaproject/bin/Debug/net8.0/Neaproject.staticwebassets.runtime.json":{"language":"JSON","code":1,"comment":0,"blank":0},"file:///c%3A/Users/terez/Desktop/CODE/Neaproject%2015.12/Neaproject%2014.12/Neaproject%209.12/Neaproject%209.12/Neaproject/Neaproject/bin/Debug/net8.0/Neaproject.runtimeconfig.json":{"language":"JSON","code":19,"comment":0,"blank":0},"file:///c%3A/Users/terez/Desktop/CODE/Neaproject%2015.12/Neaproject%2014.12/Neaproject%209.12/Neaproject%209.12/Neaproject/Neaproject/wwwroot/css/contact.html":{"language":"HTML","code":66,"comment":1,"blank":10},"file:///c%3A/Users/terez/Desktop/CODE/Neaproject%2015.12/Neaproject%2014.12/Neaproject%209.12/Neaproject%209.12/Neaproject/Neaproject/obj/Debug/net8.0/staticwebassets.build.json":{"language":"JSON","code":1,"comment":0,"blank":0},"file:///c%3A/Users/terez/Desktop/CODE/Neaproject%2015.12/Neaproject%2014.12/Neaproject%209.12/Neaproject%209.12/Neaproject/Neaproject/obj/Debug/net8.0/rpswa.dswa.cache.json":{"language":"JSON","code":1,"comment":0,"blank":0},"file:///c%3A/Users/terez/Desktop/CODE/Neaproject%2015.12/Neaproject%2014.12/Neaproject%209.12/Neaproject%209.12/Neaproject/Neaproject/obj/Debug/net8.0/staticwebassets.build.endpoints.json":{"language":"JSON","code":1,"comment":0,"blank":0},"file:///c%3A/Users/terez/Desktop/CODE/Neaproject%2015.12/Neaproject%2014.12/Neaproject%209.12/Neaproject%209.12/Neaproject/Neaproject/bin/Debug/net8.0/appsettings.json":{"language":"JSON","code":9,"comment":0,"blank":1},"file:///c%3A/Users/terez/Desktop/CODE/Neaproject%2015.12/Neaproject%2014.12/Neaproject%209.12/Neaproject%209.12/Neaproject/Neaproject/obj/Debug/net8.0/rjsmrazor.dswa.cache.json":{"language":"JSON","code":1,"comment":0,"blank":0},"file:///c%3A/Users/terez/Desktop/CODE/Neaproject%2015.12/Neaproject%2014.12/Neaproject%209.12/Neaproject%209.12/Neaproject/Neaproject/bin/Debug/net8.0/Neaproject.deps.json":{"language":"JSON","code":91,"comment":0,"blank":0},"file:///c%3A/Users/terez/Desktop/CODE/Neaproject%2015.12/Neaproject%2014.12/Neaproject%209.12/Neaproject%209.12/Neaproject/Neaproject/obj/Debug/net8.0/rjimswa.dswa.cache.json":{"language":"JSON","code":1,"comment":0,"blank":0},"file:///c%3A/Users/terez/Desktop/CODE/Neaproject%2015.12/Neaproject%2014.12/Neaproject%209.12/Neaproject%209.12/Neaproject/Neaproject/obj/Debug/net8.0/rjsmcshtml.dswa.cache.json":{"language":"JSON","code":1,"comment":0,"blank":0},"file:///c%3A/Users/terez/Desktop/CODE/Neaproject%2015.12/Neaproject%2014.12/Neaproject%209.12/Neaproject%209.12/Neaproject/Neaproject/bin/Debug/net8.0/appsettings.Development.json":{"language":"JSON","code":8,"comment":0,"blank":1},"file:///c%3A/Users/terez/Desktop/CODE/Neaproject%2015.12/Neaproject%2014.12/Neaproject%209.12/Neaproject%209.12/Neaproject/Neaproject/wwwroot/css/stylelogins.css":{"language":"PostCSS","code":180,"comment":1,"blank":32},"file:///c%3A/Users/terez/Desktop/CODE/Neaproject%2015.12/Neaproject%2014.12/Neaproject%209.12/Neaproject%209.12/Neaproject/Neaproject/wwwroot/css/styles.css":{"language":"PostCSS","code":298,"comment":7,"blank":65},"file:///c%3A/Users/terez/Desktop/CODE/Neaproject%2015.12/Neaproject%2014.12/Neaproject%209.12/Neaproject%209.12/Neaproject/Neaproject/obj/Debug/net8.0/Neaproject.sourcelink.json":{"language":"JSON","code":1,"comment":0,"blank":0},"file:///c%3A/Users/terez/Desktop/CODE/Neaproject%2015.12/Neaproject%2014.12/Neaproject%209.12/Neaproject%209.12/Neaproject/Neaproject/wwwroot/css/login.html":{"language":"HTML","code":38,"comment":1,"blank":7},"file:///c%3A/Users/terez/Desktop/CODE/Neaproject%2015.12/Neaproject%2014.12/Neaproject%209.12/Neaproject%209.12/Neaproject/Neaproject/obj/Debug/net8.0/Neaproject.GeneratedMSBuildEditorConfig.editorconfig":{"language":"Properties","code":21,"comment":0,"blank":1},"file:///c%3A/Users/terez/Desktop/CODE/Neaproject%2015.12/Neaproject%2014.12/Neaproject%209.12/Neaproject%209.12/Neaproject/Neaproject/obj/Debug/net8.0/Neaproject.GlobalUsings.g.cs":{"language":"C#","code":16,"comment":1,"blank":1},"file:///c%3A/Users/terez/Desktop/CODE/Neaproject%2015.12/Neaproject%2014.12/Neaproject%209.12/Neaproject%209.12/Neaproject/Neaproject/wwwroot/css/services.html":{"language":"HTML","code":71,"comment":6,"blank":3}}